{"Mean": 0.5922222222222223, "Std": 0.09925027598929191}