{"Mean": 0.5909259259259257, "Std": 0.0957092146676108}