{"Mean": 0.5935185185185186, "Std": 0.10751670683971429}