{"Mean": 0.5972222222222222, "Std": 0.10525835352908727}