{"Mean": 0.5966666666666667, "Std": 0.1108218456870372}