{
  "step_qonnx_to_finn": 0.00010371208190917969,
  "step_tidy_up": 0.23793911933898926,
  "step_streamline": 6.6376049518585205,
  "step_convert_to_hls": 0.519634485244751,
  "step_create_dataflow_partition": 0.0388336181640625,
  "step_target_fps_parallelization": 0.017763853073120117,
  "step_apply_folding_config": 7.152557373046875e-06,
  "step_generate_estimate_reports": 9.059906005859375e-06,
  "step_hls_codegen": 29.43566608428955,
  "step_hls_ipgen": 392.61937499046326,
  "step_set_fifo_depths": 18207.954259634018,
  "step_create_stitched_ip": 2.2172927856445312e-05,
  "step_measure_rtlsim_performance": 3.5762786865234375e-06,
  "step_out_of_context_synthesis": 9.5367431640625e-06,
  "step_synthesize_bitfile": 5382.840270280838,
  "step_make_pynq_driver": 2.2831079959869385,
  "step_deployment_package": 0.016623735427856445
}