{"Mean": 0.5935185185185184, "Std": 0.10160120674785328}